0.0,0.0
-0.049163818359375,0.5107421875
-0.0869140625,1.061187744140625
-0.11956787109375,1.575836181640625
-0.1602783203125,2.194976806640625
-0.201507568359375,2.80279541015625
-0.243133544921875,3.400177001953125
-0.28375244140625,3.970916748046875
-0.32568359375,4.553985595703125
-0.369903564453125,5.163299560546875
-0.4102783203125,5.7379150390625
-0.43994140625,6.330535888671875
-0.465545654296875,6.91400146484375
-0.490570068359375,7.519317626953125
-0.51373291015625,8.105865478515625
-0.535858154296875,8.69354248046875
-0.557403564453125,9.2813720703125
-0.5784912109375,9.8670654296875
-0.598968505859375,10.45416259765625
-0.615081787109375,11.05352783203125
-0.62750244140625,11.630401611328125
-0.63934326171875,12.22796630859375
-0.650299072265625,12.81097412109375
-0.660919189453125,13.416015625
-0.670623779296875,14.000946044921875
-0.680084228515625,14.585540771484375
-0.689422607421875,15.173492431640625
-0.698028564453125,15.773895263671875
-0.70428466796875,16.359771728515625
-0.7099609375,16.955841064453125
-0.7152099609375,17.532806396484375
-0.7198486328125,18.127960205078125
-0.724334716796875,18.724761962890625
-0.72845458984375,19.305633544921875
-0.732666015625,19.906768798828125
-0.736572265625,20.48779296875
-0.739776611328125,21.08648681640625
-0.7425537109375,21.666046142578125
-0.745361328125,22.26141357421875
-0.748016357421875,22.845428466796875
-0.750762939453125,23.446197509765625
-0.7532958984375,24.028533935546875
-0.75531005859375,24.6104736328125
-0.75726318359375,25.20819091796875
-0.7589111328125,25.799896240234375
-0.7603759765625,26.3818359375
-0.761810302734375,26.981719970703125
-0.76318359375,27.5623779296875
-0.764495849609375,28.13604736328125
-0.765899658203125,28.7239990234375
-0.767242431640625,29.294525146484375
-0.76861572265625,29.87225341796875
-0.76995849609375,30.44488525390625
-0.770782470703125,30.996795654296875
-0.771026611328125,31.569000244140625
-0.77142333984375,32.13531494140625
-0.771881103515625,32.685577392578125
-0.77203369140625,33.22991943359375
-0.7725830078125,33.78814697265625
-0.7728271484375,34.331268310546875
-0.77325439453125,34.877960205078125
-0.773406982421875,35.420135498046875
-0.77362060546875,35.96484375
-0.773651123046875,36.4903564453125
-0.773681640625,37.031951904296875
-0.773712158203125,37.56256103515625
-0.773712158203125,38.081695556640625
-0.7738037109375,38.6014404296875
-0.77435302734375,39.121795654296875
-0.77557373046875,39.646484375
-0.77679443359375,40.16375732421875
-0.77618408203125,40.672607421875
-0.767913818359375,41.1927490234375
-0.756561279296875,41.7645263671875
-0.7431640625,42.37542724609375
-0.72857666015625,42.9869384765625
-0.714111328125,43.56292724609375
-0.69219970703125,44.14849853515625
-0.65203857421875,44.733184814453125
-0.605133056640625,45.33203125
-0.55517578125,45.92279052734375
-0.50201416015625,46.508087158203125
-0.417633056640625,47.0830078125
-0.309539794921875,47.672119140625
-0.186065673828125,48.238922119140625
-0.020355224609375,48.810455322265625
0.1595458984375,49.368438720703125
0.363616943359375,49.91168212890625
0.59716796875,50.453338623046875
0.855743408203125,50.98211669921875
1.142608642578125,51.493988037109375
1.457672119140625,51.992919921875
1.79937744140625,52.474456787109375
2.164794921875,52.930877685546875
2.55596923828125,53.36627197265625
2.9674072265625,53.77813720703125
3.40350341796875,54.1663818359375
3.87481689453125,54.5389404296875
4.35491943359375,54.8759765625
4.84185791015625,55.1785888671875
5.366912841796875,55.461944580078125
5.902557373046875,55.70904541015625
6.44940185546875,55.888885498046875
7.023468017578125,56.044708251953125
7.587005615234375,56.177459716796875
8.16888427734375,56.298431396484375
8.737030029296875,56.403961181640625
9.32281494140625,56.48956298828125
9.91827392578125,56.55023193359375
10.490142822265625,56.597808837890625
11.0906982421875,56.639678955078125
11.67523193359375,56.67437744140625
12.265777587890625,56.7047119140625
12.847259521484375,56.727386474609375
13.445770263671875,56.7447509765625
14.03924560546875,56.759124755859375
14.61572265625,56.77105712890625
15.20489501953125,56.781829833984375
15.808319091796875,56.791351318359375
16.383026123046875,56.799652099609375
16.985076904296875,56.80755615234375
17.576873779296875,56.814117431640625
18.164398193359375,56.818939208984375
18.7486572265625,56.822601318359375
19.346343994140625,56.82611083984375
19.920928955078125,56.82940673828125
20.52490234375,56.832733154296875
21.11334228515625,56.8359375
21.697296142578125,56.839080810546875
22.292694091796875,56.841583251953125
22.8775634765625,56.843353271484375
23.461212158203125,56.84503173828125
24.053314208984375,56.84674072265625
24.65142822265625,56.848358154296875
25.230255126953125,56.849945068359375
25.829620361328125,56.851470947265625
26.416107177734375,56.85296630859375
27.004364013671875,56.853729248046875
27.597564697265625,56.8541259765625
28.183349609375,56.854217529296875
28.78253173828125,56.854248046875
29.37677001953125,56.854339599609375
29.9549560546875,56.8543701171875
30.54876708984375,56.8543701171875
31.1353759765625,56.8543701171875
31.724365234375,56.8543701171875
32.312835693359375,56.8543701171875
32.911712646484375,56.8543701171875
33.503631591796875,56.8543701171875
34.094085693359375,56.854400634765625
34.67041015625,56.854400634765625
35.270538330078125,56.85443115234375
35.8568115234375,56.85443115234375
36.443572998046875,56.85443115234375
37.03887939453125,56.85443115234375
37.635040283203125,56.85443115234375
38.222137451171875,56.85443115234375
38.80987548828125,56.85443115234375
39.402984619140625,56.85443115234375
39.9857177734375,56.85443115234375
40.58319091796875,56.85443115234375
41.172454833984375,56.85443115234375
41.7586669921875,56.85443115234375
42.337615966796875,56.85443115234375
42.939910888671875,56.8502197265625
43.524322509765625,56.84332275390625
44.10577392578125,56.835662841796875
44.713623046875,56.826995849609375
45.29571533203125,56.818084716796875
45.89105224609375,56.8087158203125
46.48321533203125,56.79925537109375
47.062713623046875,56.789794921875
47.64923095703125,56.77239990234375
48.2353515625,56.720062255859375
48.8284912109375,56.654449462890625
49.40557861328125,56.58453369140625
50.00006103515625,56.507476806640625
50.581146240234375,56.420623779296875
51.1627197265625,56.313232421875
51.736358642578125,56.183807373046875
52.30999755859375,56.0338134765625
52.8599853515625,55.8638916015625
53.413604736328125,55.672088623046875
53.9638671875,55.454925537109375
54.5054931640625,55.20989990234375
55.034881591796875,54.94537353515625
55.54595947265625,54.65521240234375
56.045562744140625,54.340179443359375
56.526092529296875,54.00030517578125
56.970489501953125,53.645172119140625
57.419158935546875,53.244537353515625
57.81939697265625,52.844329833984375
58.21435546875,52.394287109375
58.570648193359375,51.930816650390625
58.90057373046875,51.44195556640625
59.198333740234375,50.935211181640625
59.474884033203125,50.42584228515625
59.735107421875,49.895965576171875
59.9613037109375,49.353851318359375
60.1552734375,48.800506591796875
60.319122314453125,48.2445068359375
60.437225341796875,47.66412353515625
60.518768310546875,47.0850830078125
60.58526611328125,46.48797607421875
60.638580322265625,45.89508056640625
60.67950439453125,45.336700439453125
60.71600341796875,44.7362060546875
60.7420654296875,44.155364990234375
60.761444091796875,43.562286376953125
60.776824951171875,42.9781494140625
60.7894287109375,42.3843994140625
60.79986572265625,41.7943115234375
60.80841064453125,41.21051025390625
60.815887451171875,40.62066650390625
60.822357177734375,40.028167724609375
60.827880859375,39.416412353515625
60.83154296875,38.832366943359375
60.83447265625,38.239501953125
60.83685302734375,37.649261474609375
60.83905029296875,37.0579833984375
60.841033935546875,36.463775634765625
60.842681884765625,35.90032958984375
60.84423828125,35.3118896484375
60.8455810546875,34.70428466796875
60.846588134765625,34.120880126953125
60.847564697265625,33.525390625
60.84844970703125,32.920745849609375
60.84869384765625,32.331878662109375
60.849212646484375,31.749053955078125
60.84942626953125,31.159393310546875
60.849609375,30.56634521484375
60.84979248046875,29.968994140625
60.850067138671875,29.382476806640625
60.850128173828125,28.746734619140625
60.850128173828125,28.197052001953125
60.8502197265625,27.6456298828125
60.8502197265625,27.029144287109375
60.8502197265625,26.391204833984375
60.850311279296875,25.68353271484375
60.850311279296875,24.9365234375
60.850341796875,24.203521728515625
60.850372314453125,23.62799072265625
60.850372314453125,23.09228515625
60.85040283203125,22.479766845703125
60.85040283203125,21.898712158203125
60.85040283203125,21.314056396484375
60.8504638671875,20.648345947265625
60.850372314453125,20.05010986328125
60.850372314453125,19.370269775390625
60.850372314453125,18.68841552734375
60.850341796875,17.9801025390625
60.850128173828125,17.32305908203125
60.849945068359375,16.567413330078125
60.84979248046875,15.798431396484375
60.84954833984375,15.024932861328125
60.849365234375,14.259368896484375
60.849090576171875,13.45220947265625
60.848785400390625,12.60467529296875
60.848541259765625,11.793792724609375
60.848175048828125,10.94281005859375
60.84783935546875,10.115386962890625
60.847442626953125,9.2437744140625
60.847259521484375,8.735015869140625
60.84686279296875,7.84765625
60.846466064453125,7.014312744140625
60.846038818359375,6.08673095703125
60.845703125,5.214630126953125
60.8453369140625,4.395233154296875
60.844940185546875,3.494171142578125
60.844512939453125,2.61474609375
60.8441162109375,1.79107666015625
60.84375,0.923187255859375
60.843353271484375,0.04559326171875
60.84295654296875,-0.843841552734375
60.842559814453125,-1.719085693359375
60.8421630859375,-2.56304931640625
60.84173583984375,-3.466644287109375
60.841339111328125,-4.268035888671875
60.84112548828125,-4.7747802734375
60.84075927734375,-5.567108154296875
60.84033203125,-6.4581298828125
60.839935302734375,-7.321044921875
60.839569091796875,-8.202972412109375
60.83917236328125,-9.106658935546875
60.838775634765625,-9.94818115234375
60.838348388671875,-10.818695068359375
60.83795166015625,-11.682220458984375
60.837554931640625,-12.50299072265625
60.837127685546875,-13.43463134765625
60.83673095703125,-14.3070068359375
60.83636474609375,-15.12939453125
60.8359375,-16.021820068359375
60.835540771484375,-16.84808349609375
60.835113525390625,-17.743011474609375
60.834686279296875,-18.649246215820312
60.83428955078125,-19.517120361328125
60.833892822265625,-20.375473022460938
60.83349609375,-21.245742797851562
60.833099365234375,-22.096588134765625
60.832672119140625,-22.96856689453125
60.832244873046875,-23.811370849609375
60.831817626953125,-24.71112060546875
60.831512451171875,-25.5474853515625
60.831207275390625,-26.346923828125
60.83099365234375,-26.859146118164062
60.830657958984375,-27.731781005859375
60.830413818359375,-28.563949584960938
60.830230712890625,-29.488906860351562
60.83001708984375,-30.346588134765625
60.829742431640625,-31.204696655273438
60.82958984375,-32.01048278808594
60.82952880859375,-32.95841979980469
60.8294677734375,-33.76380920410156
60.829437255859375,-34.67242431640625
60.829437255859375,-35.51469421386719
60.829437255859375,-36.40412902832031
60.829437255859375,-37.27970886230469
60.829437255859375,-38.15740966796875
60.82940673828125,-39.011199951171875
60.829254150390625,-39.8824462890625
60.82928466796875,-40.739227294921875
60.82928466796875,-41.58833312988281
60.82891845703125,-42.42854309082031
60.8284912109375,-43.35649108886719
60.828460693359375,-44.20503234863281
60.828338623046875,-45.083587646484375
60.828125,-45.940948486328125
60.827667236328125,-46.81071472167969
60.827239990234375,-47.68365478515625
60.826873779296875,-48.47749328613281
60.826446533203125,-49.34283447265625
60.8260498046875,-50.275634765625
60.825653076171875,-51.14057922363281
60.825225830078125,-52.00459289550781
60.824798583984375,-52.85107421875
60.82440185546875,-53.70489501953125
60.82403564453125,-54.539031982421875
60.823944091796875,-55.464202880859375
60.823883056640625,-56.307647705078125
60.823883056640625,-57.15525817871094
60.823883056640625,-58.00605773925781
60.823883056640625,-58.867034912109375
60.8238525390625,-59.79539489746094
60.8238525390625,-60.63893127441406
60.8238525390625,-61.45875549316406
60.8238525390625,-62.3646240234375
60.8238525390625,-63.1981201171875
60.8238525390625,-64.10382080078125
60.8238525390625,-64.945556640625
60.8238525390625,-65.83792114257812
60.8238525390625,-66.6739501953125
60.8238525390625,-67.53605651855469
60.8238525390625,-68.4119873046875
60.8238525390625,-69.26629638671875
60.823822021484375,-70.19842529296875
60.82366943359375,-70.98660278320312
60.8232421875,-71.86508178710938
60.82275390625,-72.79460144042969
60.822357177734375,-73.59825134277344
60.8221435546875,-74.45835876464844
60.82208251953125,-75.32838439941406
60.822021484375,-76.20591735839844
60.821990966796875,-77.11842346191406
60.821929931640625,-77.93199157714844
60.821929931640625,-78.82412719726562
60.821868896484375,-79.71330261230469
60.821441650390625,-80.55450439453125
60.821014404296875,-81.39045715332031
60.82061767578125,-82.2515869140625
60.820220947265625,-83.13278198242188
60.820098876953125,-84.00457763671875
60.81982421875,-84.88252258300781
60.81939697265625,-85.768798828125
60.819000244140625,-86.58523559570312
60.818572998046875,-87.51617431640625
60.8182373046875,-88.34205627441406
60.817840576171875,-89.19024658203125
60.81744384765625,-90.03666687011719
60.81719970703125,-90.54173278808594
60.81683349609375,-91.39283752441406
60.81646728515625,-92.23170471191406
60.81622314453125,-93.07363891601562
60.816192626953125,-93.58203125
60.816162109375,-94.36953735351562
60.816162109375,-95.234619140625
60.816162109375,-96.11619567871094
60.816162109375,-97.00724792480469
60.816162109375,-97.88336181640625
60.816162109375,-98.74591064453125
60.816162109375,-99.54713439941406
60.816162109375,-100.06977844238281
60.816162109375,-100.86483764648438
60.816162109375,-101.73826599121094
60.815948486328125,-102.65467834472656
60.815948486328125,-103.45036315917969
60.81585693359375,-104.33934020996094
60.815460205078125,-105.244873046875
60.815093994140625,-106.05291748046875
60.81475830078125,-106.95205688476562
60.814361572265625,-107.84840393066406
60.813995361328125,-108.66215515136719
60.813568115234375,-109.58555603027344
60.813385009765625,-110.41232299804688
60.81329345703125,-111.24545288085938
60.813232421875,-112.1697998046875
60.813201904296875,-112.99266052246094
60.813201904296875,-113.90545654296875
60.813201904296875,-114.74136352539062
60.813201904296875,-115.57106018066406
60.813201904296875,-116.48503112792969
60.813140869140625,-117.33219909667969
60.81292724609375,-118.16940307617188
60.812591552734375,-119.11589050292969
60.812255859375,-119.96153259277344
60.8118896484375,-120.81330871582031
60.811553955078125,-121.66720581054688
60.811187744140625,-122.50439453125
60.810821533203125,-123.41897583007812
60.810455322265625,-124.24234008789062
60.81005859375,-125.17465209960938
60.809783935546875,-126.04029846191406
60.8094482421875,-126.8592529296875
60.80908203125,-127.70205688476562
60.808929443359375,-128.61691284179688
60.808929443359375,-129.4493865966797
60.808929443359375,-130.30162048339844
60.808929443359375,-131.1866912841797
60.808929443359375,-132.07737731933594
60.808929443359375,-132.96397399902344
60.808929443359375,-133.76905822753906
60.808929443359375,-134.66282653808594
60.808929443359375,-135.55746459960938
60.808868408203125,-136.3629608154297
60.808502197265625,-137.27471923828125
60.808135986328125,-138.08334350585938
60.807891845703125,-138.99655151367188
60.8074951171875,-139.8724822998047
60.807098388671875,-140.72308349609375
60.80670166015625,-141.5941619873047
60.806304931640625,-142.44935607910156
60.805938720703125,-143.31617736816406
60.8055419921875,-144.1976318359375
60.805145263671875,-145.07875061035156
60.804901123046875,-145.93305206298828
60.8046875,-146.82860565185547
60.8045654296875,-147.6743621826172
60.804290771484375,-148.48736572265625
60.80419921875,-149.39447784423828
60.80419921875,-150.2157974243164
60.80419921875,-151.13037872314453
60.80419921875,-151.94793701171875
60.80419921875,-152.8501739501953
60.80419921875,-153.66210174560547
60.80419921875,-154.57228088378906
60.804168701171875,-155.47396850585938
60.804168701171875,-156.30557250976562
60.804168701171875,-157.20787811279297
60.804168701171875,-157.98413848876953
60.804168701171875,-158.5129852294922
60.80419921875,-159.3078384399414
60.80419921875,-160.23583221435547
60.80419921875,-161.1015396118164
60.80419921875,-161.93022918701172
60.804046630859375,-162.78341674804688
60.80389404296875,-163.67122650146484
60.803497314453125,-164.55243682861328
60.8031005859375,-165.42688751220703
60.802764892578125,-166.24291229248047
60.8023681640625,-167.14391326904297
60.8021240234375,-167.96408081054688
60.8017578125,-168.87850189208984
60.8013916015625,-169.70181274414062
60.800994873046875,-170.6018524169922
60.80072021484375,-171.49585723876953
60.800537109375,-172.36256408691406
60.800262451171875,-173.15579223632812
60.79998779296875,-174.0347442626953
60.799713134765625,-174.93130493164062
60.799530029296875,-175.7875213623047
60.79913330078125,-176.68035888671875
60.798828125,-177.51073455810547
60.798736572265625,-178.34282684326172
60.798736572265625,-179.22814178466797
60.798736572265625,-180.11654663085938
60.798736572265625,-180.91805267333984
60.7987060546875,-181.78356170654297
60.798828125,-182.57022094726562
60.799163818359375,-183.4285888671875
60.799530029296875,-184.21143341064453
60.79986572265625,-185.05017852783203
60.800262451171875,-185.86763763427734
60.8006591796875,-186.70655059814453
60.800994873046875,-187.4701385498047
60.8013916015625,-188.30592346191406
60.8017578125,-189.0336456298828
60.802215576171875,-189.83731079101562
60.802886962890625,-190.67556762695312
60.8035888671875,-191.43834686279297
60.804351806640625,-192.22278594970703
60.80511474609375,-193.02478790283203
60.805877685546875,-193.79794311523438
60.806671142578125,-194.56617736816406
60.807373046875,-195.2499008178711
60.8082275390625,-196.07220458984375
60.80902099609375,-196.82220458984375
60.809783935546875,-197.5666275024414
60.810577392578125,-198.31491088867188
60.81134033203125,-199.0614776611328
60.8121337890625,-199.79501342773438
60.81292724609375,-200.53238677978516
60.81378173828125,-201.2696762084961
60.81463623046875,-201.98424530029297
60.815582275390625,-202.6858139038086
60.816558837890625,-203.43141174316406
60.817596435546875,-204.11531829833984
60.818634033203125,-204.8479995727539
60.81951904296875,-205.5169906616211
60.820526123046875,-206.24783325195312
60.821380615234375,-206.89515686035156
60.822357177734375,-207.61639404296875
60.823272705078125,-208.26918029785156
60.82421875,-208.9212188720703
60.8250732421875,-209.59547424316406
60.825836181640625,-210.20773696899414
60.8267822265625,-210.89471054077148
60.827606201171875,-211.51704788208008
60.828399658203125,-212.12749481201172
60.82928466796875,-212.79594039916992
60.830078125,-213.39194107055664
60.830841064453125,-213.98052978515625
60.831634521484375,-214.56543731689453
60.83251953125,-215.19869995117188
60.83331298828125,-215.78914260864258
60.834075927734375,-216.35544967651367
60.834869384765625,-216.92665100097656
60.835662841796875,-217.4954490661621
60.83642578125,-218.04445266723633
60.83721923828125,-218.6058235168457
60.837982177734375,-219.15829467773438
60.838775634765625,-219.6920509338379
60.839569091796875,-220.2317657470703
60.840423583984375,-220.79058837890625
60.8411865234375,-221.29912948608398
60.842071533203125,-221.83800506591797
60.842926025390625,-222.3710823059082
60.844024658203125,-223.09918212890625
60.8446044921875,-223.60704040527344
60.8453369140625,-224.36201095581055
60.846038818359375,-225.08918380737305
60.84674072265625,-225.78586196899414
60.847412109375,-226.43546295166016
60.84808349609375,-227.07379913330078
60.848724365234375,-227.68753814697266
60.849395751953125,-228.28826904296875
60.850067138671875,-228.8977928161621
60.850738525390625,-229.49281692504883
60.85137939453125,-230.08120346069336
60.852142333984375,-230.68646240234375
60.852874755859375,-231.2570457458496
60.85357666015625,-231.8153305053711
60.85430908203125,-232.3963966369629
60.855010986328125,-232.9455337524414
60.855743408203125,-233.49089813232422
60.8564453125,-234.02276611328125
60.857177734375,-234.5729217529297
60.85791015625,-235.11640548706055
60.858612060546875,-235.62122344970703
60.859375,-236.14481735229492
60.8603515625,-236.82991790771484
60.861083984375,-237.3314437866211
60.862060546875,-237.98864364624023
60.863037109375,-238.63274383544922
60.864013671875,-239.25928115844727
60.86474609375,-239.87308502197266
60.865386962890625,-240.45951080322266
60.8660888671875,-241.02482986450195
60.86639404296875,-241.62632369995117
60.867279052734375,-242.2249412536621
60.86767578125,-242.8127098083496
60.868255615234375,-243.39823150634766
60.868896484375,-243.9823169708252
60.869232177734375,-244.5866870880127
60.87005615234375,-245.15535926818848
60.870849609375,-245.75590705871582
60.871856689453125,-246.36052703857422
60.872772216796875,-246.93615531921387
60.873626708984375,-247.52271461486816
60.8740234375,-248.13271522521973
60.87451171875,-248.71440887451172
60.8748779296875,-249.3025245666504
60.875335693359375,-249.88804054260254
60.87628173828125,-250.47250938415527
60.877288818359375,-251.08331871032715
60.878265380859375,-251.67219734191895
60.879180908203125,-252.26217651367188
60.880157470703125,-252.8484592437744
60.881134033203125,-253.42686653137207
60.881866455078125,-254.01818084716797
60.88262939453125,-254.62355422973633
60.88311767578125,-255.20104789733887
60.883819580078125,-255.78286743164062
60.884368896484375,-256.3859672546387
60.885223388671875,-256.9801216125488
60.885833740234375,-257.56603813171387
60.886627197265625,-258.1538772583008
60.887481689453125,-258.74439239501953
60.88800048828125,-259.32176208496094
60.888824462890625,-259.92452335357666
60.886322021484375,-260.50137519836426
60.862091064453125,-261.0986957550049
60.830810546875,-261.68916034698486
60.796234130859375,-262.27762508392334
60.759552001953125,-262.86147022247314
60.720245361328125,-263.4565677642822
60.680450439453125,-264.0361099243164
60.638336181640625,-264.6305856704712
60.588653564453125,-265.21245098114014
60.519256591796875,-265.81213760375977
60.429718017578125,-266.3848147392273
60.314117431640625,-266.968900680542
60.1767578125,-267.5365319252014
60.00860595703125,-268.1022162437439
59.818084716796875,-268.6472954750061
59.594390869140625,-269.1970000267029
59.341339111328125,-269.73158740997314
59.065704345703125,-270.2430419921875
58.758392333984375,-270.7474491596222
58.42193603515625,-271.2343397140503
58.069366455078125,-271.684947013855
57.671478271484375,-272.1390084028244
57.2679443359375,-272.5505920648575
56.8338623046875,-272.93904280662537
56.371795654296875,-273.30694007873535
55.894683837890625,-273.64321315288544
55.38818359375,-273.9526052623987
54.878448486328125,-274.2373527288437
54.348297119140625,-274.5118392109871
53.81201171875,-274.74731636047363
53.263458251953125,-274.95450389385223
52.69873046875,-275.1316329240799
52.142608642578125,-275.2605525255203
51.558135986328125,-275.3513433933258
50.968109130859375,-275.42334032058716
50.38995361328125,-275.48072624206543
49.79193115234375,-275.52900075912476
49.219024658203125,-275.56730902194977
48.6107177734375,-275.5990972518921
48.046173095703125,-275.6202381849289
47.4447021484375,-275.63821828365326
46.84295654296875,-275.65290689468384
46.26446533203125,-275.66462302207947
45.677398681640625,-275.67467725276947
45.076263427734375,-275.68353974819183
44.49169921875,-275.69107949733734
43.91217041015625,-275.6976680755615
43.3114013671875,-275.7025098800659
42.711517333984375,-275.7064530849457
42.13885498046875,-275.70972990989685
41.54180908203125,-275.7127707004547
40.944091796875,-275.7155178785324
40.348175048828125,-275.71803617477417
39.779388427734375,-275.7202831506729
39.176971435546875,-275.7225170135498
38.5875244140625,-275.7243663072586
37.99066162109375,-275.72582471370697
37.416595458984375,-275.727095246315
36.823760986328125,-275.7283251285553
36.226165771484375,-275.7295227050781
35.62237548828125,-275.7306739091873
35.046783447265625,-275.73170161247253
34.45391845703125,-275.73278510570526
33.86700439453125,-275.73380959033966
33.267364501953125,-275.7346485853195
32.672882080078125,-275.73539757728577
32.096405029296875,-275.7360899448395
31.510894775390625,-275.73678719997406
30.919677734375,-275.7374805212021
30.327423095703125,-275.7381521463394
29.75701904296875,-275.7387670278549
29.147216796875,-275.73945903778076
28.55548095703125,-275.740057349205
27.988311767578125,-275.74056684970856
27.3818359375,-275.74112713336945
26.834869384765625,-275.74159038066864
26.249786376953125,-275.74209785461426
25.65997314453125,-275.74254035949707
25.086151123046875,-275.74295449256897
24.52728271484375,-275.74339485168457
23.978790283203125,-275.74383223056793
23.423309326171875,-275.7442226409912
22.85040283203125,-275.7446537017822
22.314605712890625,-275.7449711561203
21.74237060546875,-275.74536204338074
21.207672119140625,-275.74573266506195
20.654388427734375,-275.74605572223663
20.12640380859375,-275.7463923692703
19.5849609375,-275.74674236774445
19.04925537109375,-275.74708914756775
18.514923095703125,-275.747435092926
17.97088623046875,-275.74778747558594
17.447479248046875,-275.74812638759613
16.820037841796875,-275.74853241443634
16.3070068359375,-275.74886453151703
15.778076171875,-275.7492071390152
15.254180908203125,-275.74954640865326
14.74664306640625,-275.74987518787384
14.119140625,-275.75028145313263
13.601593017578125,-275.75061655044556
12.9774169921875,-275.75089716911316
12.3570556640625,-275.75121665000916
11.84271240234375,-275.75149869918823
11.282684326171875,-275.7518057823181
10.661895751953125,-275.7521457672119
10.053070068359375,-275.7524788379669
9.52154541015625,-275.75276923179626
8.99835205078125,-275.75302171707153
8.364013671875,-275.75331592559814
7.761016845703125,-275.75361800193787
7.1715087890625,-275.7538526058197
6.586822509765625,-275.7540967464447
5.98443603515625,-275.7543578147888
5.40478515625,-275.7546100616455
4.79931640625,-275.7548735141754
4.22198486328125,-275.7551245689392
3.63018798828125,-275.7553822994232
3.0357666015625,-275.7556405067444
2.45306396484375,-275.75589418411255
1.852813720703125,-275.75615525245667
1.2730712890625,-275.7564070224762
0.690216064453125,-275.75666069984436
0.08258056640625,-275.7569251060486
-0.50860595703125,-275.75718235969543
-1.1007080078125,-275.7574396133423
-1.674102783203125,-275.75768876075745
-2.265289306640625,-275.7579460144043
-2.868255615234375,-275.7582082748413
-3.457672119140625,-275.75846457481384
-4.042694091796875,-275.7587184906006
-4.633148193359375,-275.7589752674103
-5.214111328125,-275.7592282295227
-5.803497314453125,-275.75948452949524
-6.40240478515625,-275.75974464416504
-7.000885009765625,-275.7600049972534
-7.5830078125,-275.7602581977844
-8.168548583984375,-275.7605128288269
-8.77294921875,-275.76077580451965
-9.35980224609375,-275.76103115081787
-9.937652587890625,-275.761283159256
-10.521728515625,-275.7615373134613
-11.1180419921875,-275.76179671287537
-11.72283935546875,-275.7620599269867
-12.292755126953125,-275.76230788230896
-12.903228759765625,-275.76257371902466
-13.48052978515625,-275.76282477378845
-14.061859130859375,-275.76309180259705
-14.66748046875,-275.7633693218231
-15.246612548828125,-275.76363015174866
-15.84124755859375,-275.7638976573944
-16.441314697265625,-275.7641673088074
-17.02703857421875,-275.76443099975586
-17.609130859375,-275.7646930217743
-18.20281982421875,-275.76496028900146
-18.782989501953125,-275.76522159576416
-19.36968994140625,-275.7654857635498
-19.974517822265625,-275.76580786705017
-20.587127685546875,-275.76618576049805
-21.2518310546875,-275.7665603160858
-21.784454345703125,-275.7668526172638
-22.36322021484375,-275.7671694755554
-22.98175048828125,-275.76750779151917
-23.63677978515625,-275.76786518096924
-24.3751220703125,-275.7682673931122
-25.10528564453125,-275.7686777114868
-25.607025146484375,-275.76896381378174
-26.187286376953125,-275.7692914009094
-26.743438720703125,-275.7696051597595
-27.26483154296875,-275.769898891449
-27.90789794921875,-275.77026081085205
-28.473785400390625,-275.77057909965515
-29.08489990234375,-275.77092242240906
-29.6949462890625,-275.7712650299072
-30.279296875,-275.77159309387207
-30.817840576171875,-275.77189540863037
-31.394805908203125,-275.7722191810608
-32.001556396484375,-275.7725598812103
-32.545318603515625,-275.77286529541016
-33.141510009765625,-275.7732002735138
-33.730194091796875,-275.77353072166443
-34.324554443359375,-275.77386474609375
-34.916290283203125,-275.774197101593
-35.4970703125,-275.77452325820923
-36.084869384765625,-275.7748534679413
-36.675994873046875,-275.775185585022
-37.2618408203125,-275.77551436424255
-37.789337158203125,-275.7758104801178
-38.390350341796875,-275.7761480808258
-39.001190185546875,-275.77649092674255
-39.614654541015625,-275.77683544158936
-40.1826171875,-275.7771546840668
-40.75921630859375,-275.77747869491577
-41.35345458984375,-275.77781224250793
-41.907073974609375,-275.77812337875366
-42.471710205078125,-275.77844071388245
-43.095550537109375,-275.77879095077515
-43.68316650390625,-275.7791211605072
-44.244415283203125,-275.7794363498688
-44.877593994140625,-275.7797920703888
-45.458984375,-275.7801184654236
-46.0225830078125,-275.78043484687805
-46.59051513671875,-275.7807538509369
-47.17431640625,-275.78108191490173
-47.8017578125,-275.78140020370483
-48.32000732421875,-275.7815909385681
-48.94561767578125,-275.7817313671112
-49.489654541015625,-275.78181505203247
-50.072784423828125,-275.78190517425537
-50.6558837890625,-275.7819707393646
-51.2366943359375,-275.78204345703125
-51.805938720703125,-275.7821137905121
-52.461517333984375,-275.7821931838989
-53.037506103515625,-275.78224325180054
-53.609893798828125,-275.78228092193604
-54.11138916015625,-275.78231954574585
-54.76806640625,-275.7823700904846
-55.32037353515625,-275.7824122905731
-55.956939697265625,-275.7824602127075
-56.521270751953125,-275.7825026512146
-57.09320068359375,-275.78254556655884
-57.69097900390625,-275.7825903892517
-58.233062744140625,-275.78263115882874
-58.86907958984375,-275.7826581001282
-59.41497802734375,-275.7826726436615
-60.04150390625,-275.7826941013336
-60.637054443359375,-275.78268003463745
-61.201385498046875,-275.7826769351959
-61.791168212890625,-275.78267431259155
-62.358612060546875,-275.7826716899872
-62.938323974609375,-275.78266882896423
-63.542236328125,-275.7826654911041
-64.11660766601562,-275.7826886177063
-64.72146606445312,-275.7827088832855
-65.27957153320312,-275.78275990486145
-65.8721923828125,-275.78280091285706
-66.47677612304688,-275.78284215927124
-67.02017211914062,-275.78287959098816
-67.62240600585938,-275.7829210758209
-68.17373657226562,-275.782963514328
-68.79489135742188,-275.7830526828766
-69.38726806640625,-275.78311800956726
-69.94107055664062,-275.7831721305847
-70.54205322265625,-275.78323340415955
-71.13406372070312,-275.78330397605896
-71.731689453125,-275.7833971977234
-72.31039428710938,-275.7834782600403
-72.84133911132812,-275.7835524082184
-73.41812133789062,-275.7836329936981
-74.01895141601562,-275.7837038040161
-74.62991333007812,-275.78372979164124
-75.20333862304688,-275.7837710380554
-75.81390380859375,-275.78381538391113
-76.35406494140625,-275.7838544845581
-76.97064208984375,-275.7838988304138
-77.5469970703125,-275.783940076828
-78.11724853515625,-275.783988237381
-78.73171997070312,-275.7840881347656
-79.31484985351562,-275.78418493270874
-79.89918518066406,-275.78427505493164
-80.44688415527344,-275.78435945510864
-81.06306457519531,-275.7844548225403
-81.59161376953125,-275.7845368385315
-82.21876525878906,-275.78463411331177
-82.82591247558594,-275.7847285270691
-83.37435913085938,-275.784814119339
-83.97149658203125,-275.78490710258484
-84.53253173828125,-275.78499460220337
-85.11221313476562,-275.78508496284485
-85.69749450683594,-275.7851758003235
-86.300048828125,-275.78526997566223
-86.88638305664062,-275.78536105155945
-87.49359130859375,-275.78542494773865
-88.04718017578125,-275.7854685783386
-88.64698791503906,-275.7855017185211
-89.250732421875,-275.7855432033539
-89.83436584472656,-275.78558349609375
-90.3919677734375,-275.7856214046478
-90.975341796875,-275.7856607437134
-91.56834411621094,-275.7857005596161
-92.12196350097656,-275.7857382297516
-92.73944091796875,-275.7858202457428
-93.32838439941406,-275.7858695983887
-93.87686157226562,-275.78590178489685
-94.46147155761719,-275.78592109680176
-95.05795288085938,-275.7859671115875
-95.64036560058594,-275.7860107421875
-96.22738647460938,-275.7860531806946
-96.81596374511719,-275.7860960960388
-97.36004638671875,-275.78613543510437
-97.98057556152344,-275.78618025779724
-98.54350280761719,-275.78622102737427
-99.12338256835938,-275.78628158569336
-99.73257446289062,-275.78634095191956
-100.30023193359375,-275.7863953113556
-100.88534545898438,-275.78646874427795
-101.45663452148438,-275.7865390777588
-102.0347900390625,-275.78660893440247
-102.64311218261719,-275.7866826057434
-103.22706604003906,-275.7867228984833
-103.77806091308594,-275.786762714386
-104.37675476074219,-275.78686451911926
-104.96884155273438,-275.78695821762085
-105.5281982421875,-275.78704261779785
-106.09365844726562,-275.78712821006775
-106.69941711425781,-275.7872202396393
-107.28645324707031,-275.7872862815857
-107.88711547851562,-275.78731656074524
-108.44256591796875,-275.7873363494873
-109.03846740722656,-275.7873959541321
-109.63027954101562,-275.78748631477356
-110.1868896484375,-275.78755807876587
-110.78172302246094,-275.787633895874
-111.33877563476562,-275.787704706192
-111.93495178222656,-275.7877812385559
-112.526611328125,-275.7878575325012
-113.12382507324219,-275.7879343032837
-113.67904663085938,-275.7879891395569
-114.27445983886719,-275.78804993629456
-114.86895751953125,-275.78811144828796
-115.4527587890625,-275.78817224502563
-116.00833129882812,-275.7882297039032
-116.61054992675781,-275.7882924079895
-117.16737365722656,-275.7883450984955
-117.76260375976562,-275.78837966918945
-118.33636474609375,-275.7884247303009
-118.94316101074219,-275.78848814964294
-119.48965454101562,-275.7885482311249
-120.08609008789062,-275.78861117362976
-120.67414855957031,-275.7886517047882
-121.25665283203125,-275.78869795799255
-121.80569458007812,-275.7887427806854
-122.36618041992188,-275.78878808021545
-122.94160461425781,-275.78885412216187
-123.47549438476562,-275.7889335155487
-124.03153991699219,-275.7890079021454
-124.59208679199219,-275.7890815734863
-125.10694885253906,-275.78912901878357
-125.65859985351562,-275.7891833782196
-126.17530822753906,-275.7892189025879
-126.721923828125,-275.7892644405365
-127.22763061523438,-275.7893068790436
-127.73846435546875,-275.78936648368835
-128.24258422851562,-275.78942465782166
-128.77731323242188,-275.78950691223145
-129.28646850585938,-275.78955459594727
-130.0325927734375,-275.7896227836609
-130.7628173828125,-275.7897222042084
-131.4862060546875,-275.78982043266296
-132.22549438476562,-275.78990387916565
-132.93844604492188,-275.789968252182
-133.6202850341797,-275.79000210762024
-134.32496643066406,-275.79007029533386
-134.99270629882812,-275.7901704311371
-135.69815063476562,-275.79027223587036
-136.3562774658203,-275.79036140441895
-137.0016632080078,-275.7904486656189
-137.68023681640625,-275.79052114486694
-138.31175231933594,-275.7905521392822
-138.95620727539062,-275.79061937332153
-139.57078552246094,-275.79067969322205
-140.18606567382812,-275.79074931144714
-140.7960205078125,-275.79080510139465
-141.42286682128906,-275.7908661365509
-142.01937866210938,-275.7909240722656
-142.589599609375,-275.7910006046295
-143.18893432617188,-275.79105854034424
-143.7615509033203,-275.7911469936371
-144.32174682617188,-275.7911992073059
-144.8834686279297,-275.7912600040436
-145.4503173828125,-275.79132294654846
-145.99586486816406,-275.79138350486755
-146.52540588378906,-275.79144263267517
-147.0519561767578,-275.79150104522705
-147.59066772460938,-275.79154658317566
-148.0970001220703,-275.79161047935486
-148.6263885498047,-275.7916536331177
-149.13046264648438,-275.7916820049286
-149.80911254882812,-275.79177474975586
-150.45199584960938,-275.7918367385864
-150.9569091796875,-275.7918825149536
-151.47122192382812,-275.7919325828552
-152.01927185058594,-275.7919888496399
-152.54739379882812,-275.7920472621918
-153.1982879638672,-275.79210591316223
-153.81231689453125,-275.79216957092285
-154.37191772460938,-275.79225039482117
-154.92538452148438,-275.7923288345337
-155.49024963378906,-275.7924008369446
-156.04808044433594,-275.7924711704254
-156.6037139892578,-275.79250621795654
-157.1583251953125,-275.7925524711609
-157.71243286132812,-275.7926263809204
-158.23727416992188,-275.792653799057
-158.8150634765625,-275.7927041053772
-159.3719482421875,-275.79277086257935
-159.8986053466797,-275.7928261756897
-160.4483642578125,-275.7928726673126
-161.03526306152344,-275.792906999588
-161.60984802246094,-275.792920589447
-162.14700317382812,-275.7929220199585
-162.69390869140625,-275.7929654121399
-163.2145233154297,-275.79298281669617
-163.72418212890625,-275.79299783706665
-164.25086975097656,-275.79303312301636
-164.75978088378906,-275.79307222366333
-165.27175903320312,-275.7931318283081
-165.7947540283203,-275.79321098327637
-166.37481689453125,-275.7933015823364
-166.99057006835938,-275.7934148311615
-167.5916748046875,-275.7935028076172
-168.1705780029297,-275.79357504844666
-168.75421142578125,-275.7936460971832
-169.3543243408203,-275.79372453689575
-169.9443817138672,-275.7937967777252
-170.5250701904297,-275.793874502182
-171.11415100097656,-275.79393458366394
-171.71151733398438,-275.79403471946716
-172.290771484375,-275.7940685749054
-172.8814697265625,-275.7941246032715
-173.48736572265625,-275.7941861152649
-174.05780029296875,-275.7942442893982
-174.6490478515625,-275.7943181991577
-175.24549865722656,-275.7943751811981
-175.8297576904297,-275.79443192481995
-176.41217041015625,-275.7944905757904
-177.01942443847656,-275.7945783138275
-177.61196899414062,-275.79464840888977
-178.18235778808594,-275.7946915626526
-178.79515075683594,-275.7947528362274
-179.38157653808594,-275.7948124408722
-179.9586944580078,-275.7948956489563
-180.55767822265625,-275.79491782188416
-181.13711547851562,-275.7950007915497
-181.74017333984375,-275.79510474205017
-182.3153839111328,-275.79518485069275
-182.90985107421875,-275.7952651977539
-183.51715087890625,-275.7953100204468
-184.10073852539062,-275.7953622341156
-184.6746368408203,-275.7954523563385
-185.267822265625,-275.79554057121277
-185.8595733642578,-275.79557633399963
-186.46255493164062,-275.79563450813293
-187.04864501953125,-275.7957081794739
-187.64553833007812,-275.79575872421265
-188.2292938232422,-275.795818567276
-188.821533203125,-275.7958912849426
-189.4049835205078,-275.79595708847046
-190.0023956298828,-275.79599118232727
-190.58265686035156,-275.7960829734802
-191.16888427734375,-275.7961676120758
-191.75851440429688,-275.7962439060211
-192.35679626464844,-275.7963206768036
-192.9525909423828,-275.79637908935547
-193.52957153320312,-275.79641938209534
-194.1256103515625,-275.7964837551117
-194.7133026123047,-275.7965474128723
-195.3126220703125,-275.7966024875641
-195.9032745361328,-275.7966892719269
-196.4775390625,-275.79673981666565
-197.08743286132812,-275.79680252075195
-197.67327880859375,-275.79686403274536
-198.254150390625,-275.7969102859497
-198.85548400878906,-275.7969915866852
-199.43353271484375,-275.7970657348633
-200.03036499023438,-275.79711627960205
-200.62921142578125,-275.79713797569275
-201.2135009765625,-275.7972078323364
-201.80908203125,-275.79727697372437
-202.38270568847656,-275.7973368167877
-202.96754455566406,-275.79741644859314
-203.5688018798828,-275.7974715232849
-204.16567993164062,-275.7975296974182
-204.76217651367188,-275.7976143360138
-205.35580444335938,-275.79768109321594
-205.94630432128906,-275.7977466583252
-206.52467346191406,-275.79778957366943
-207.12001037597656,-275.79784750938416
-207.7030029296875,-275.7979054450989
-208.29866790771484,-275.7979748249054
-208.89674377441406,-275.7980377674103
-209.49710083007812,-275.79811692237854
-210.071044921875,-275.7981824874878
-210.66027069091797,-275.7982270717621
-211.2677230834961,-275.7982873916626
-211.8468017578125,-275.79835271835327
-212.44991302490234,-275.7984175682068
-213.0225372314453,-275.79849457740784
-213.61974334716797,-275.79855155944824
-214.20755004882812,-275.798624753952
-214.80651092529297,-275.7986786365509
-215.40030670166016,-275.79873919487
-215.9952163696289,-275.79882407188416
-216.57301330566406,-275.7988932132721
-217.14393615722656,-275.79896092414856
-217.73605346679688,-275.79903078079224
-218.3228759765625,-275.7990834712982
-218.8954086303711,-275.79911756515503
-219.45783233642578,-275.7992033958435
-220.01609802246094,-275.7992796897888
-220.58544921875,-275.79929995536804
-221.16132354736328,-275.79939818382263
-221.71642303466797,-275.7994463443756
-222.25474548339844,-275.79950428009033
-222.81644439697266,-275.7995619773865
-223.35749053955078,-275.7995915412903
-223.93506622314453,-275.79964661598206
-224.50682067871094,-275.7997236251831
-225.03731536865234,-275.7997786998749
-225.56514739990234,-275.7995824813843
-226.0721435546875,-275.79967498779297
-226.58455657958984,-275.79974579811096
-227.22074127197266,-275.79982256889343
-227.77835845947266,-275.7999095916748
-228.3308563232422,-275.8000066280365
-228.84703063964844,-275.8000998497009
-229.35519409179688,-275.8001608848572
-229.8669204711914,-275.8002154827118
-230.37289428710938,-275.80022501945496
-230.88288116455078,-275.80020666122437
-231.51207733154297,-275.80014157295227
-232.027587890625,-275.800092458725
-232.52915954589844,-275.80005073547363
-233.15340423583984,-275.79522252082825
-233.66947174072266,-275.7770907878876
-234.26358032226562,-275.7527050971985
-234.87246704101562,-275.7254079580307
-235.46864318847656,-275.69679605960846
-236.0606689453125,-275.66687202453613
-236.6379623413086,-275.63669753074646
-237.2375946044922,-275.60449981689453
-237.8355712890625,-275.57169485092163
-238.42530822753906,-275.5264415740967
-239.00633239746094,-275.45543575286865
-239.5930633544922,-275.35689783096313
-240.1524658203125,-275.232458114624
-240.7326889038086,-275.0683561563492
-241.2852020263672,-274.87747967243195
-241.82694244384766,-274.6550714969635
-242.343505859375,-274.40485060214996
-242.85067749023438,-274.1081409752369
-243.34226989746094,-273.7628471562639
-243.79552459716797,-273.3958724439144
-244.22936248779297,-272.99366158246994
-244.62245178222656,-272.57746970653534
-244.99559020996094,-272.1241612434387
-245.33782196044922,-271.6454641819
-245.63818359375,-271.1538414955139
-245.8868408203125,-270.6277344226837
-246.11174774169922,-270.07706451416016
-246.31121063232422,-269.5299997329712
-246.47388458251953,-268.9647250175476
-246.6070098876953,-268.3994493484497
-246.71988677978516,-267.81370306015015
-246.8087387084961,-267.2164034843445
-246.8799057006836,-266.64501762390137
-246.93962860107422,-266.04944944381714
-246.97721099853516,-265.4791421890259
-247.00723266601562,-264.87832260131836
-247.03025817871094,-264.2906608581543
-247.04820251464844,-263.71438217163086
-247.06321716308594,-263.11333560943604
-247.07500457763672,-262.53067684173584
-247.08385467529297,-261.94423961639404
-247.09024047851562,-261.346661567688
-247.09519958496094,-260.74725246429443
-247.0989990234375,-260.1756248474121
-247.10220336914062,-259.57161045074463
-247.1047592163086,-258.9738435745239
-247.10686492919922,-258.37879180908203
-247.1085433959961,-257.80707263946533
-247.10997772216797,-257.21282958984375
-247.1109161376953,-256.62866592407227
-247.11170959472656,-256.0207576751709
-247.11231231689453,-255.44697380065918
-247.11284637451172,-254.8512783050537
-247.1132583618164,-254.25696182250977
-247.11360931396484,-253.67247772216797
-247.11388397216797,-253.08149528503418
-247.1141586303711,-252.4938507080078
-247.11437225341797,-251.89823722839355
-247.11444091796875,-251.31130027770996
-247.114501953125,-250.71944618225098
-247.11455535888672,-250.1180591583252
-247.11463928222656,-249.53998184204102
-247.11478424072266,-248.95287322998047
-247.11490631103516,-248.35388946533203
-247.11500549316406,-247.78677368164062
-247.11514282226562,-247.1659278869629
-247.11527252197266,-246.58011627197266
-247.1152801513672,-245.9944725036621
-247.1153106689453,-245.40626525878906
-247.11531829833984,-244.82351875305176
-247.11527252197266,-244.22785758972168
-247.11521911621094,-243.62504768371582
-247.11518096923828,-243.04222297668457
-247.11517333984375,-242.4544849395752
-247.11512756347656,-241.8912181854248
-247.1150131225586,-241.318603515625
-247.11500549316406,-240.73590087890625
-247.11499786376953,-240.16836166381836
-247.11499786376953,-239.59972381591797
-247.11489868164062,-239.03722381591797
-247.1147232055664,-238.4839324951172
-247.11450958251953,-237.9068374633789
-247.1143035888672,-237.4048843383789
-247.1141357421875,-236.8560905456543
-247.11412811279297,-236.3258399963379
-247.11412811279297,-235.8096694946289
-247.11402893066406,-235.2417335510254
-247.11377716064453,-234.69789505004883
-247.113525390625,-234.12180709838867
-247.11329650878906,-233.5807762145996
-247.11307525634766,-233.0164794921875
-247.11284637451172,-232.4661102294922
-247.1122589111328,-231.9584503173828
-247.11136627197266,-231.43515014648438
-247.1103744506836,-230.90089797973633
-247.10938262939453,-230.3997344970703
-247.10830688476562,-229.8779296875
-247.1072540283203,-229.36752319335938
-247.1061782836914,-228.8540267944336
-247.10478973388672,-228.234619140625
-247.10362243652344,-227.73097610473633
-247.0990982055664,-227.23052597045898
-247.0782699584961,-226.71793746948242
-247.05133819580078,-226.16247940063477
-247.0157012939453,-225.54648971557617
-246.95264434814453,-224.94453048706055
-246.87689208984375,-224.36291885375977
-246.79220581054688,-223.78886032104492
-246.67267608642578,-223.22503662109375
-246.5328369140625,-222.65261459350586
-246.38133239746094,-222.07465744018555
-246.20892333984375,-221.50896453857422
-246.01705169677734,-220.96551132202148
-245.79180145263672,-220.41819763183594
-245.53742218017578,-219.8881721496582
-245.24825286865234,-219.35258102416992
-244.94705963134766,-218.85841369628906
-244.6134033203125,-218.37945556640625
-244.24884796142578,-217.91443252563477
-243.87174224853516,-217.47946166992188
-243.4617462158203,-217.0623321533203
-243.0182113647461,-216.6606101989746
-242.56484985351562,-216.30010604858398
-242.0723114013672,-215.95597076416016
-241.58737182617188,-215.66286087036133
-241.06483459472656,-215.38750457763672
-240.53897094726562,-215.1541633605957
-239.96492767333984,-214.98088455200195
-239.40707397460938,-214.85116577148438
-238.80006408691406,-214.73330307006836
-238.23202514648438,-214.63944625854492
-237.65239715576172,-214.5591926574707
-237.07784271240234,-214.50492095947266
-236.47838592529297,-214.46110153198242
-235.89679718017578,-214.42669296264648
-235.3054962158203,-214.39769744873047
-234.71743774414062,-214.3735237121582
-234.1175765991211,-214.35258865356445
-233.53363037109375,-214.33726501464844
-232.95099639892578,-214.32593536376953
-232.35946655273438,-214.31647872924805
-231.77235412597656,-214.30857467651367
-231.15689849853516,-214.3014793395996
-230.58782196044922,-214.29572296142578
-230.00013732910156,-214.29042053222656
-229.392822265625,-214.28545379638672
-228.8006820678711,-214.2811508178711
-228.21559143066406,-214.2782211303711
-227.6237564086914,-214.27574157714844
-227.04415130615234,-214.27360153198242
-226.43812561035156,-214.27157592773438
-225.8604278564453,-214.2697982788086
-225.27867889404297,-214.26811981201172
-224.68962860107422,-214.26652908325195
-224.09058380126953,-214.2649803161621
-223.49229431152344,-214.2637481689453
-222.91507720947266,-214.26287460327148
-222.32839965820312,-214.26206588745117
-221.72354125976562,-214.2613067626953
-221.14108276367188,-214.26062393188477
-220.55721282958984,-214.25996780395508
-219.96662139892578,-214.25930404663086
-219.36021423339844,-214.25864791870117
-218.7789535522461,-214.25811004638672
-218.19557189941406,-214.25774383544922
-217.59690856933594,-214.25745010375977
-216.99243927001953,-214.2571907043457
-216.41439056396484,-214.25693130493164
-215.81591796875,-214.25658416748047
-215.23612213134766,-214.25629806518555
-214.63910675048828,-214.25601959228516
-214.04729461669922,-214.2557258605957
-213.46367645263672,-214.2555809020996
-212.87825775146484,-214.25547790527344
-212.28993225097656,-214.25537109375
-211.68061065673828,-214.25521850585938
-211.09088897705078,-214.25514602661133
-210.52494049072266,-214.25507354736328
-209.9324951171875,-214.25498580932617
-209.33726501464844,-214.2548828125
-208.74386596679688,-214.25481033325195
-208.15143585205078,-214.25473403930664
-207.56366729736328,-214.25466537475586
-206.97607421875,-214.25458908081055
-206.39456176757812,-214.25457000732422
-205.8183135986328,-214.25464248657227
-205.23927307128906,-214.25483322143555
-204.6612548828125,-214.25494003295898
-204.07469177246094,-214.25506210327148
-203.51303100585938,-214.25518035888672
-202.94482421875,-214.25527572631836
-202.3934326171875,-214.25538635253906
-201.83628845214844,-214.25547790527344
-201.29718017578125,-214.25555419921875
-200.69952392578125,-214.25566482543945
-200.19895935058594,-214.2557716369629
-199.67514038085938,-214.25592041015625
-199.17323303222656,-214.25591659545898
-198.63400268554688,-214.25613021850586
-198.0789031982422,-214.25640106201172
-197.56771850585938,-214.25664901733398
-196.9849853515625,-214.25687789916992
-196.44931030273438,-214.25701141357422
-195.91494750976562,-214.2570686340332
-195.4135284423828,-214.2571678161621
-194.87466430664062,-214.2572784423828
-194.36354064941406,-214.25738143920898
-193.8489990234375,-214.25746536254883
-193.3459014892578,-214.25756072998047
-192.82017517089844,-214.25762557983398
-192.19558715820312,-214.25770568847656
-191.57179260253906,-214.25771713256836
-191.055908203125,-214.2577247619629
-190.44334411621094,-214.25772857666016
-189.8293914794922,-214.2577247619629
-189.2783660888672,-214.2577247619629
-188.67611694335938,-214.2577247619629
-188.05096435546875,-214.2577667236328
-187.4662628173828,-214.25780487060547
-186.8763427734375,-214.25787353515625
-186.28880310058594,-214.25792694091797
-185.70074462890625,-214.25799179077148
-185.1121826171875,-214.25806427001953
-184.53138732910156,-214.2581329345703
-183.92886352539062,-214.25821685791016
-183.34283447265625,-214.25821685791016
-182.7503662109375,-214.25830459594727
-182.15957641601562,-214.25840377807617
-181.57373046875,-214.25843048095703
-180.9894561767578,-214.2585334777832
-180.37620544433594,-214.25864791870117
-179.78616333007812,-214.2587547302246
-179.20127868652344,-214.25885772705078
-178.6156768798828,-214.25896453857422
-178.02993774414062,-214.25907135009766
-177.44415283203125,-214.25913619995117
-176.8351287841797,-214.2591781616211
-176.2549591064453,-214.25919342041016
-175.67208862304688,-214.25919723510742
-175.0692596435547,-214.25922775268555
-174.4851531982422,-214.25933837890625
-173.89608764648438,-214.25934600830078
-173.3038330078125,-214.25937271118164
-172.72427368164062,-214.2593879699707
-172.13531494140625,-214.25946044921875
-171.54986572265625,-214.25954818725586
-170.9325408935547,-214.25964736938477
-170.36219787597656,-214.2597312927246
-169.76971435546875,-214.25973510742188
-169.16688537597656,-214.25981521606445
-168.57131958007812,-214.2599220275879
-167.9857177734375,-214.26002502441406
-167.38864135742188,-214.2601203918457
-166.80418395996094,-214.2602195739746
-166.21194458007812,-214.26031494140625
-165.6170654296875,-214.26040267944336
-165.0404815673828,-214.26047897338867
-164.44313049316406,-214.26053619384766
-163.8660888671875,-214.26055908203125
-163.24960327148438,-214.26062393188477
-162.661865234375,-214.26072311401367
-162.07009887695312,-214.26082229614258
-161.48008728027344,-214.26092147827148
-160.90512084960938,-214.26097869873047
-160.31288146972656,-214.26108169555664
-159.72996520996094,-214.26118087768555
-159.1288604736328,-214.26123428344727
-158.53128051757812,-214.2612533569336
-157.93734741210938,-214.26135635375977
-157.34512329101562,-214.26145553588867
-156.76573181152344,-214.26154327392578
-156.16688537597656,-214.26163864135742
-155.5701904296875,-214.26173782348633
-154.9828643798828,-214.26175689697266
-154.41278076171875,-214.26176071166992
-153.81275939941406,-214.26184463500977
-153.22918701171875,-214.26190948486328
-152.64353942871094,-214.261962890625
-152.05325317382812,-214.26203536987305
-151.43789672851562,-214.26212692260742
-150.8470001220703,-214.2622299194336
-150.2643280029297,-214.2623291015625
-149.6842041015625,-214.26236724853516
-149.0854034423828,-214.26242065429688
-148.49806213378906,-214.26251220703125
-147.8990478515625,-214.26261520385742
-147.2994384765625,-214.26263427734375
-146.71243286132812,-214.26264190673828
-146.12454223632812,-214.26264572143555
-145.55758666992188,-214.26268005371094
-144.94967651367188,-214.26277542114258
-144.3758087158203,-214.26286697387695
-143.76734924316406,-214.26294708251953
-143.1790771484375,-214.26300048828125
-142.59625244140625,-214.2630958557129
-142.01356506347656,-214.26317596435547
-141.40194702148438,-214.2632713317871
-140.8163299560547,-214.26336288452148
-140.23004150390625,-214.26347732543945
-139.6431884765625,-214.26353073120117
-139.0472869873047,-214.26356506347656
-138.457275390625,-214.26365661621094
-137.8679962158203,-214.263671875
-137.27442932128906,-214.26373291015625
-136.6938934326172,-214.2638168334961
-136.11228942871094,-214.26390838623047
-135.5253143310547,-214.26401138305664
-134.92140197753906,-214.26411819458008
-134.3385772705078,-214.26416778564453
-133.7401123046875,-214.26428604125977
-133.1576385498047,-214.26438522338867
-132.574462890625,-214.2644805908203
-131.9776611328125,-214.26451873779297
-131.38296508789062,-214.26456832885742
-130.7964324951172,-214.26466369628906
-130.1925506591797,-214.26478576660156
-129.6238250732422,-214.26485061645508
-129.0341339111328,-214.26495361328125
-128.43789672851562,-214.26505661010742
-127.83682250976562,-214.26511001586914
-127.25959777832031,-214.26517486572266
-126.67108154296875,-214.26526641845703
-126.06268310546875,-214.2653694152832
-125.49339294433594,-214.26543045043945
-124.90127563476562,-214.26543045043945
-124.30125427246094,-214.26543045043945
-123.72637939453125,-214.26543045043945
-123.13226318359375,-214.26543426513672
-122.54086303710938,-214.26551818847656
-121.93389892578125,-214.26560592651367
-121.35578918457031,-214.26568222045898
-120.75384521484375,-214.26578903198242
-120.18362426757812,-214.2658576965332
-119.59140014648438,-214.26588439941406
-119.0003662109375,-214.2659912109375
-118.40252685546875,-214.26604461669922
-117.8106689453125,-214.2661018371582
-117.22312927246094,-214.26621627807617
-116.6336669921875,-214.26632690429688
-116.04330444335938,-214.26641464233398
-115.44071960449219,-214.26649856567383
-114.86299133300781,-214.26653671264648
-114.2711181640625,-214.26660919189453
-113.6732177734375,-214.26672744750977
-113.08206176757812,-214.26675033569336
-112.50895690917969,-214.26686096191406
-111.91297912597656,-214.26697540283203
-111.31057739257812,-214.26709365844727
-110.73561096191406,-214.26720428466797
-110.13694763183594,-214.26720428466797
-109.54092407226562,-214.2672462463379
-108.96336364746094,-214.26734924316406
-108.35989379882812,-214.26738739013672
-107.78604125976562,-214.26738739013672
-107.18365478515625,-214.26738739013672
-106.59881591796875,-214.26747131347656
-106.00993347167969,-214.26753616333008
-105.41578674316406,-214.26760482788086
-104.82106018066406,-214.26763916015625
-104.22792053222656,-214.26771545410156
-103.63557434082031,-214.26782608032227
-103.04835510253906,-214.2678985595703
-102.4583740234375,-214.26800155639648
-101.87126159667969,-214.26811599731445
-101.282958984375,-214.26818084716797
-100.68936157226562,-214.26821517944336
-100.09617614746094,-214.26831436157227
-99.52484130859375,-214.26836395263672
-98.92344665527344,-214.26841354370117
-98.35041809082031,-214.26851272583008
-97.74188232421875,-214.26862716674805
-97.16159057617188,-214.26873397827148
-96.55693054199219,-214.26884841918945
-95.97589111328125,-214.2689552307129
-95.39434814453125,-214.26906204223633
-94.79034423828125,-214.26909637451172
-94.21363830566406,-214.26913452148438
-93.63087463378906,-214.26918029785156
-93.02716064453125,-214.26923370361328
-92.4449462890625,-214.26934051513672
-91.85905456542969,-214.26944732666016
-91.26612854003906,-214.2695541381836
-90.66290283203125,-214.26966094970703
-90.08685302734375,-214.2697639465332
-89.48501586914062,-214.269775390625
-88.89207458496094,-214.26983642578125
-88.30516052246094,-214.26992416381836
-87.72322082519531,-214.26992416381836
-87.13813781738281,-214.26992416381836
-86.55027770996094,-214.26992416381836
-85.96113586425781,-214.2699317932129
-85.36811828613281,-214.26993560791016
-84.76026916503906,-214.26993942260742
-84.17851257324219,-214.26994705200195
-83.59698486328125,-214.26994705200195
-83.01544189453125,-214.26995468139648
-82.40118408203125,-214.2700538635254
-81.82341003417969,-214.27014923095703
-81.23875427246094,-214.2702522277832
-80.63328552246094,-214.27035903930664
-80.05778503417969,-214.2704620361328
-79.46115112304688,-214.27056884765625
-78.862060546875,-214.27069854736328
-78.29266357421875,-214.27075958251953
-77.6954345703125,-214.27086639404297
-77.09078979492188,-214.27097702026367
-76.50640869140625,-214.27107620239258
-75.91668701171875,-214.27116775512695
-75.33062744140625,-214.27125549316406
-74.73443603515625,-214.27131271362305
-74.16128540039062,-214.27138137817383
-73.565673828125,-214.27148818969727
-72.97427368164062,-214.27154541015625
-72.39251708984375,-214.27164459228516
-71.78341674804688,-214.27171325683594
-71.20852661132812,-214.27180862426758
-70.6126708984375,-214.27191925048828
-70.02664184570312,-214.27202606201172
-69.43887329101562,-214.27207565307617
-68.8388671875,-214.27211380004883
-68.25625610351562,-214.272216796875
-67.6505126953125,-214.2723274230957
-67.06796264648438,-214.27243423461914
-66.48544311523438,-214.27254104614258
-65.87820434570312,-214.27260971069336
-65.30551147460938,-214.2726173400879
-64.72125244140625,-214.27262496948242
-64.12139892578125,-214.27268981933594
-63.518798828125,-214.27277374267578
-62.94232177734375,-214.27288436889648
-62.352752685546875,-214.27299118041992
-61.747711181640625,-214.27309799194336
-61.17431640625,-214.27320098876953
-60.578277587890625,-214.27330780029297
-59.977294921875,-214.27337265014648
-59.398712158203125,-214.27338409423828
-58.810455322265625,-214.27338409423828
-58.20233154296875,-214.2734603881836
-57.62255859375,-214.27349472045898
-57.038116455078125,-214.27359771728516
-56.431640625,-214.27370834350586
-55.846954345703125,-214.27377319335938
-55.268280029296875,-214.27384185791016
-54.65765380859375,-214.2738914489746
-54.07379150390625,-214.27394485473633
-53.49310302734375,-214.27400588989258
-52.90618896484375,-214.27411651611328
-52.30816650390625,-214.27422332763672
-51.71368408203125,-214.27433013916016
-51.13812255859375,-214.27443313598633
-50.539398193359375,-214.27453994750977
-49.955810546875,-214.27458572387695
-49.358154296875,-214.27466583251953
-48.756591796875,-214.27471923828125
-48.178131103515625,-214.27472686767578
-47.59295654296875,-214.27472686767578
-46.98748779296875,-214.2747459411621
-46.40570068359375,-214.27480697631836
-45.819091796875,-214.27481842041016
-45.231353759765625,-214.27489471435547
-44.639984130859375,-214.27500534057617
-44.0567626953125,-214.2751007080078
-43.448883056640625,-214.27517318725586
-42.8681640625,-214.27528381347656
-42.266754150390625,-214.275390625
-41.695404052734375,-214.27549362182617
-41.09576416015625,-214.2756004333496
-40.499298095703125,-214.27566146850586
-39.930633544921875,-214.2757225036621
-39.339630126953125,-214.27572631835938
-38.749786376953125,-214.27580642700195
-38.154022216796875,-214.27588272094727
-37.55419921875,-214.27588653564453
-36.9822998046875,-214.27598571777344
-36.38446044921875,-214.27609252929688
-35.786407470703125,-214.2761993408203
-35.1884765625,-214.27625274658203
-34.619140625,-214.27630233764648
-34.02142333984375,-214.27630233764648
-33.42828369140625,-214.27631378173828
-32.830535888671875,-214.2763214111328
-32.25946044921875,-214.2763328552246
-31.6683349609375,-214.2763328552246
-31.078216552734375,-214.2763328552246
-30.484832763671875,-214.2763557434082
-29.89794921875,-214.27646255493164
-29.3133544921875,-214.2765655517578
-28.705352783203125,-214.27669143676758
-28.119110107421875,-214.2768096923828
-27.531951904296875,-214.27691650390625
-26.953521728515625,-214.27702713012695
-26.349456787109375,-214.27713775634766
-25.7685546875,-214.27722549438477
-25.185211181640625,-214.2773323059082
-24.623931884765625,-214.27741241455078
-24.041229248046875,-214.27748489379883
-23.4925537109375,-214.27757263183594
-22.91351318359375,-214.27767944335938
-22.357879638671875,-214.27772521972656
-21.80657958984375,-214.27774810791016
-21.232574462890625,-214.27784729003906
-20.68798828125,-214.27794647216797
-20.12359619140625,-214.27796173095703
-19.584625244140625,-214.27799606323242
-19.0513916015625,-214.27811431884766
-18.50701904296875,-214.27817153930664
-17.964874267578125,-214.27827835083008
-17.427154541015625,-214.27838897705078
-16.890960693359375,-214.27849578857422
-16.377685546875,-214.27853393554688
-15.8526611328125,-214.27854537963867
-15.3331298828125,-214.27859115600586
-14.81256103515625,-214.27866744995117
-14.2774658203125,-214.2786750793457
-13.7757568359375,-214.27873992919922
-13.25592041015625,-214.27884674072266
-12.741973876953125,-214.28515625
-12.205718994140625,-214.29855346679688
-11.612152099609375,-214.31527709960938
-10.98114013671875,-214.3345947265625
-10.394195556640625,-214.35377883911133
-9.82318115234375,-214.37993240356445
-9.223846435546875,-214.42626190185547
-8.647186279296875,-214.48153686523438
-8.0546875,-214.55653381347656
-7.46624755859375,-214.63928604125977
-6.8878173828125,-214.7434425354004
-6.312744140625,-214.85905838012695
-5.747955322265625,-214.99191284179688
-5.178131103515625,-215.16887283325195
-4.615570068359375,-215.36260223388672
-4.07073974609375,-215.58189392089844
-3.53656005859375,-215.81999969482422
-3.02532958984375,-216.07940673828125
-2.5098876953125,-216.36985778808594
-1.998291015625,-216.68793487548828
-1.520843505859375,-217.02082061767578
-1.061859130859375,-217.36976623535156
-0.60595703125,-217.75375747680664
-0.171112060546875,-218.1605682373047
0.232635498046875,-218.57253646850586
0.62158203125,-219.01625442504883
0.98394775390625,-219.47975540161133
1.317596435546875,-219.95335388183594
1.633575439453125,-220.459716796875
1.891326904296875,-220.97379684448242
2.08905029296875,-221.5189971923828
2.265625,-222.09177780151367
2.418701171875,-222.65451431274414
2.559722900390625,-223.23176193237305
2.68243408203125,-223.79555130004883
2.773040771484375,-224.3789405822754
2.84613037109375,-224.96123886108398
2.9100341796875,-225.55377197265625
2.965057373046875,-226.13532257080078
3.014373779296875,-226.71689987182617
3.059844970703125,-227.30781936645508
3.102142333984375,-227.90287017822266
3.137451171875,-228.49898147583008
3.16290283203125,-229.08697509765625
3.18487548828125,-229.67322540283203
3.20458984375,-230.2552375793457
3.22308349609375,-230.8523178100586
3.24005126953125,-231.44519805908203
3.255859375,-232.03723526000977
3.2703857421875,-232.6138038635254
3.284637451171875,-233.21613311767578
3.294403076171875,-233.8021583557129
3.302947998046875,-234.39142227172852
3.310821533203125,-234.97600555419922
3.317962646484375,-235.56641387939453
3.324859619140625,-236.15958786010742
3.3314208984375,-236.74453735351562
3.337982177734375,-237.34043502807617
3.344329833984375,-237.9286994934082
3.349212646484375,-238.5228729248047
3.352874755859375,-239.11159896850586
3.3564453125,-239.70093154907227
3.3599853515625,-240.29268646240234
3.363494873046875,-240.8803482055664
3.366943359375,-241.4619255065918
3.370330810546875,-242.05786514282227
3.3734130859375,-242.65344047546387
3.375640869140625,-243.23515510559082
3.37750244140625,-243.8321018218994
3.379241943359375,-244.41033935546875
3.38104248046875,-244.99776458740234
3.3828125,-245.6009922027588
3.384521484375,-246.18335723876953
3.38629150390625,-246.77942848205566
3.387847900390625,-247.3535327911377
3.38946533203125,-247.93506240844727
3.390655517578125,-248.5065517425537
3.390838623046875,-249.08205223083496
3.3909912109375,-249.6547451019287
3.391357421875,-250.22324752807617
3.391815185546875,-250.7812728881836
3.3922119140625,-251.30900192260742
3.392242431640625,-251.87621688842773
3.392242431640625,-252.41446495056152
3.392242431640625,-252.95675659179688
